{"AUC": 0.9533449233507929, "confusion_matrix": {"_type": "image-file", "sha256": "a3d7f94338dd86472521faa9be1509f2d7e60c2ef17c9e8addc4453a38560779", "size": 91242, "path": "media/images/confusion_matrix_0_a3d7f94338dd86472521.png", "format": "png", "width": 1000, "height": 1000}, "_timestamp": 1682058408.1816168, "_runtime": 4.471496820449829, "_step": 0, "_wandb": {"runtime": 3}}